"tweet_id","in_reply_to_status_id","in_reply_to_user_id","timestamp","source","text","retweeted_status_id","retweeted_status_user_id","retweeted_status_timestamp","expanded_urls"
"484801781335994368","484798225841258496","9213742","2014-07-03 20:52:06 +0000","<a href=""http://twitter.com"" rel=""nofollow"">Twitter Web Client</a>","@robey The authorship metadata is maintained—see e.g. this recent contribution by @penland365: https://t.co/5NT3uBPrOf /cc @TwitterOSS","","","","https://github.com/twitter/finagle/commit/bb76bffc22878de7ef6002e1fc0141b15271c43a"
"484779194337882112","484773694162882560","38913594","2014-07-03 19:22:21 +0000","<a href=""http://twitter.com"" rel=""nofollow"">Twitter Web Client</a>","@jaceklaskowski Thanks! This is part of a larger convergence on @scalatest at @twitter (we find it more in line with the way we use Scala).","","","",""
"484766282298822656","484755773948301312","161569820","2014-07-03 18:31:02 +0000","<a href=""http://twitter.com"" rel=""nofollow"">Twitter Web Client</a>","@bitemyapp Thanks for the love, and let us know if you change your mind! (we may be a Scala project, but we &lt;3 Haskell too, btw). /cc @cra","","","",""
"484764368303714304","","","2014-07-03 18:23:26 +0000","<a href=""http://twitter.com"" rel=""nofollow"">Twitter Web Client</a>","#finagle subprojects are going fast! Thanks to @adamdecaf, @bajohns, and @rodrigolazoti for jumping on board: https://t.co/l5NdsXHSJv","","","","https://github.com/twitter/finagle/issues/290"
"484742793990922240","","","2014-07-03 16:57:42 +0000","<a href=""http://twitter.com"" rel=""nofollow"">Twitter Web Client</a>","RT @seanparsons: @finagle Thanks infrastructure library powering this service!","484742523173486594","13710982","2014-07-03 16:56:38 +0000",""
"484740303144747008","484739845143953408","13710982","2014-07-03 16:47:48 +0000","<a href=""http://twitter.com"" rel=""nofollow"">Twitter Web Client</a>","@seanparsons Congrats!","","","",""
"484386480945512449","","","2014-07-02 17:21:51 +0000","<a href=""http://twitter.com"" rel=""nofollow"">Twitter Web Client</a>","Immortalize yourself in the #finagle commit history! Adopt a subproject for @scalatest-ification today! https://t.co/l5NdsXHSJv","","","","https://github.com/twitter/finagle/issues/290"
"484306517110181888","","","2014-07-02 12:04:06 +0000","<a href=""http://twitter.com"" rel=""nofollow"">Twitter Web Client</a>","Getting closer to Scala 2.11 compatibility thanks to the heroic efforts of @folone, @mnnakamura, and @bmdhacks: https://t.co/xaC75lRWH7","","","","https://github.com/twitter/util/pull/97#issuecomment-47736586"
"483798781276999680","","","2014-07-01 02:26:32 +0000","<a href=""http://twitter.com"" rel=""nofollow"">Twitter Web Client</a>","Many thanks to @penland365 for this pull request adding support for the dump command to finagle-redis: https://t.co/DB7v47MAWg","","","","https://github.com/twitter/finagle/pull/276"
"483717491118452736","","","2014-06-30 21:03:31 +0000","<a href=""http://twitter.com"" rel=""nofollow"">Twitter Web Client</a>","RT @TwitterOSS: we're planning a Twitter Thank You #TTY party at @oscon for all our open source contributors and developers, ping us for an…","483717093984960512","376825877","2014-06-30 21:01:56 +0000",""
"481573025318309888","481564711579058176","164208260","2014-06-24 23:02:11 +0000","<a href=""http://twitter.com"" rel=""nofollow"">Twitter Web Client</a>","Thanks to @zhangx1a0, our newest contributor, for catching a broken link in the Finagle docs. We love pull requests! https://t.co/A27Q51DAil","","","","https://github.com/twitter/finagle/pull/285"
"481566668074668034","481564711579058176","164208260","2014-06-24 22:36:55 +0000","<a href=""http://twitter.com"" rel=""nofollow"">Twitter Web Client</a>","@zhangx1a0 Thanks!","","","",""
"481559144478953472","481557054558339072","164208260","2014-06-24 22:07:01 +0000","<a href=""http://twitter.com"" rel=""nofollow"">Twitter Web Client</a>","@zhangx1a0 Good catch! Want to submit a pull request? :)","","","",""
"481540761582723072","","","2014-06-24 20:53:58 +0000","<a href=""http://twitter.com"" rel=""nofollow"">Twitter Web Client</a>","Get a preview of some new documentation by @neuman on HTTP streaming in Finagle: https://t.co/f1ujb8s0JI","","","","https://github.com/twitter/finagle/pull/284/files"
"480021136936165377","","","2014-06-20 16:15:32 +0000","<a href=""http://twitter.com"" rel=""nofollow"">Twitter Web Client</a>","RT @TwitterOSS: new event: we're hosting the next #SFScala meetup in July, come learn about #scala @finagle @zipkinproject and more! https:…","480018570194071552","376825877","2014-06-20 16:05:20 +0000","https://www.eventbrite.com/e/sfscala-at-twitter-hq-tickets-11938023951,https://www.eventbrite.com/e/sfscala-at-twitter-hq-tickets-11938023951"
"479651150161903618","","","2014-06-19 15:45:20 +0000","<a href=""http://twitter.com"" rel=""nofollow"">Twitter Web Client</a>","RT @TwitterOSS: event in July: we are hosting a #NettyMeetup to bring together the @netty_project community http://t.co/udOUXDGp87 http://t…","479632980302782464","376825877","2014-06-19 14:33:08 +0000","http://www.eventbrite.com/e/nettymeetup-at-twitter-hq-tickets-11827750119,http://twitter.com/TwitterOSS/status/479632980302782464/photo/1,http://www.eventbrite.com/e/nettymeetup-at-twitter-hq-tickets-11827750119,http://twitter.com/TwitterOSS/status/479632980302782464/photo/1"
"478548515572822016","","","2014-06-16 14:43:51 +0000","<a href=""http://twitter.com"" rel=""nofollow"">Twitter Web Client</a>","RT @SoundCloudDev: New blog post: Using Scala &amp; @Finagle for microservices @ SoundCloud http://t.co/YZbAYoER3e #scalaDays","478497772656939008","38631926","2014-06-16 11:22:13 +0000","http://bit.ly/1kFAZAV,http://bit.ly/1kFAZAV"
"476752647379099648","","","2014-06-11 15:47:43 +0000","<a href=""http://twitter.com"" rel=""nofollow"">Twitter Web Client</a>","Looking forward to the rest of this series from @pcalcado at @SoundCloud (skip the tags if you don't want spoilers!): http://t.co/2bo0RGnyOz","","","","http://developers.soundcloud.com/blog/building-products-at-soundcloud-part-1-dealing-with-the-monolith"
"476397371342204928","","","2014-06-10 16:15:59 +0000","<a href=""http://twitter.com"" rel=""nofollow"">Twitter for  iPhone</a>","RT @pcalcado: Just noticed SoundCloud is now part of the @finagle adopters list: https://t.co/ks0BonRilw //cc @travisbrown","476396117006249984","10224712","2014-06-10 16:10:59 +0000","https://github.com/twitter/finagle/blob/master/ADOPTERS.md,https://github.com/twitter/finagle/blob/master/ADOPTERS.md"
"476370824710991872","","","2014-06-10 14:30:29 +0000","<a href=""http://twitter.com"" rel=""nofollow"">Twitter for  iPhone</a>","RT @TwitterOSS: are you using @finagle in production? please let us know so we can add you to the adopters page! #scala https://t.co/SZHUJ0…","476368587813163008","376825877","2014-06-10 14:21:36 +0000","https://github.com/twitter/finagle/blob/master/ADOPTERS.md,https://github.com/twitter/finagle/blob/master/ADOPTERS.md"
"476035983335362560","","","2014-06-09 16:19:57 +0000","<a href=""http://twitter.com"" rel=""nofollow"">Twitter Web Client</a>","What do @twitter, @tumblr, @Pinterest, and @nest have in common? Check out our new list of Finagle adopters to see: https://t.co/CTU2UEwKUb","","","","https://github.com/twitter/finagle/blob/master/ADOPTERS.md"
"473831760032464896","473475549802033153","55618617","2014-06-03 14:21:09 +0000","<a href=""http://twitter.com"" rel=""nofollow"">Twitter Web Client</a>","@mohitpandey We'll look forward to seeing it! Let us know if we can help with anything— /cc @nytdevs @jlawrie @alexgleyzer @travisbrown","","","",""
"473467532935172096","472434214538067969","55618617","2014-06-02 14:13:51 +0000","<a href=""http://twitter.com"" rel=""nofollow"">Twitter Web Client</a>",".@mohitpandey That's great to hear! Any plans to discuss this on the @nytdevs engineering blog? /cc @jlawrie @alexgleyzer @travisbrown","","","",""
"471700539760463873","","","2014-05-28 17:12:27 +0000","<a href=""http://twitter.com"" rel=""nofollow"">Twitter for  iPhone</a>","Are you using #finagle? Let us know! We'll be publishing a list of adopters very soon…","","","",""
"471675003411652608","","","2014-05-28 15:30:58 +0000","<a href=""http://twitter.com"" rel=""nofollow"">Twitter for  iPhone</a>","RT @samn: Really excited for @strangeloop_stl! I'll be talking about using @finagle in Clojure https://t.co/EVKvyeR21v","471394912605192192","226238536","2014-05-27 20:57:59 +0000","https://thestrangeloop.com/sessions/highly-concurrent-services-with-finagle-clojure,https://thestrangeloop.com/sessions/highly-concurrent-services-with-finagle-clojure"
"468880182276026369","","","2014-05-20 22:25:21 +0000","<a href=""http://twitter.com"" rel=""nofollow"">Twitter Web Client</a>","Check out @vkostyukov's new adaptation of @nulabinc's scala-oauth2-provider for #finagle: https://t.co/ujLqoj4B7i https://t.co/0h8xFR9IVQ","","","","https://groups.google.com/d/msg/finaglers/zBzYMevPWuA/wwqMsHLPzmsJ,https://github.com/vkostyukov/finagle-oauth2"
"464158783325749248","","","2014-05-07 21:44:12 +0000","<a href=""http://twitter.com"" rel=""nofollow"">Twitter Web Client</a>","RT @TwitterOSS: the @finagle documentation has been recently updated, help us make it better! #scala https://t.co/lGz0T0Pkrj http://t.co/zT…","464157086725988352","376825877","2014-05-07 21:37:27 +0000","https://groups.google.com/forum/#!topic/finaglers/laY6ysJ20ss,http://twitter.com/TwitterOSS/status/464157086725988352/photo/1,https://groups.google.com/forum/#!topic/finaglers/laY6ysJ20ss,http://twitter.com/TwitterOSS/status/464157086725988352/photo/1"
"464158724781645824","","","2014-05-07 21:43:58 +0000","<a href=""http://twitter.com"" rel=""nofollow"">Twitter Web Client</a>","RT @evanm: A note on recent updates to @finagle's documentation: https://t.co/Ja7lEP3In9","464154466153795584","1583331","2014-05-07 21:27:02 +0000","https://groups.google.com/forum/#!topic/finaglers/laY6ysJ20ss,https://groups.google.com/forum/#!topic/finaglers/laY6ysJ20ss"
"459036529684279296","","","2014-04-23 18:30:11 +0000","<a href=""http://twitter.com"" rel=""nofollow"">Twitter Web Client</a>","RT @TwitterOSS: from the open source #twitterama: ""How close is the public version of @Finagle to what Twitter uses?"" #scala http://t.co/8q…","459034950264565760","376825877","2014-04-23 18:23:55 +0000","http://www.reddit.com/r/IAmA/comments/23s80n/we_work_on_open_source_at_twitter_ask_us_anything/ch02dsg,http://www.reddit.com/r/IAmA/comments/23s80n/we_work_on_open_source_at_twitter_ask_us_anything/ch02dsg"
"459023723811438592","","","2014-04-23 17:39:18 +0000","<a href=""http://twitter.com"" rel=""nofollow"">Twitter Web Client</a>","RT @TwitterOSS: our twitter open source AMA is starting #twitterama http://t.co/DplIp85AHU","459023191541686272","376825877","2014-04-23 17:37:11 +0000","http://www.reddit.com/r/IAmA/comments/23s80n/we_work_on_open_source_at_twitter_ask_us_anything/,http://www.reddit.com/r/IAmA/comments/23s80n/we_work_on_open_source_at_twitter_ask_us_anything/"
"456531737682530305","","","2014-04-16 20:37:02 +0000","<a href=""http://twitter.com"" rel=""nofollow"">Twitter Web Client</a>","new video from #CONF: ""@finagle at @SharethroughEng"" #scala https://t.co/omJAPkpzJ4","","","","https://www.youtube.com/watch?v=BDUlx6d6UWc&feature=youtu.be"
"456177405988569088","","","2014-04-15 21:09:03 +0000","<a href=""http://twitter.com"" rel=""nofollow"">Twitter Web Client</a>","new video from #CONF presented by @mnnakamura: ""The @Finagle Ecosystem"" http://t.co/bOA03HXoNk","","","","http://youtu.be/whuT_-cFb5I"
"448829000467509250","448229694773944320","417308891","2014-03-26 14:29:07 +0000","<a href=""http://twitter.com"" rel=""nofollow"">Twitter Web Client</a>","@5h4rk that's great to hear!","","","",""
"448828963817652224","","","2014-03-26 14:28:58 +0000","<a href=""http://twitter.com"" rel=""nofollow"">Twitter Web Client</a>","RT @5h4rk: We use #finagle into production for over a year, it's great for asynchronous development. Great job of @TwitterEng with @finagle…","448229694773944320","417308891","2014-03-24 22:47:41 +0000",""
"444164264266170370","","","2014-03-13 17:33:07 +0000","<a href=""http://twitter.com"" rel=""nofollow"">Twitter Web Client</a>","if you use Finagle in production or would like to learn more about it, please come to our small #CONF on April 3rd https://t.co/w2dg3GIpNz","","","","https://www.eventbrite.com/e/conf-tickets-9867682504?access=FINAGLE"
"436638493494628352","","","2014-02-20 23:08:23 +0000","<a href=""http://twitter.com"" rel=""nofollow"">Twitter Web Client</a>","RT @TwitterEng: Learn more about how we use #Netty and @Finagle at Twitter: https://t.co/h7oGiSasQ1 http://t.co/urpCzjjXZK","434014775270322177","6844292","2014-02-13 17:22:40 +0000","https://blog.twitter.com/2014/netty-at-twitter-with-finagle,http://twitter.com/TwitterOSS/status/434010384001798144/photo/1,https://blog.twitter.com/2014/netty-at-twitter-with-finagle,http://twitter.com/TwitterOSS/status/434010384001798144/photo/1"
"436638248530903040","","","2014-02-20 23:07:25 +0000","<a href=""http://twitter.com"" rel=""nofollow"">Twitter Web Client</a>","RT @TwitterOSS: at #NYscala: ""@Finagle Overview"" via @mnnakamura #scala https://t.co/0BRk34S4eU http://t.co/kcCAm8KOh5","436636016577769472","376825877","2014-02-20 22:58:33 +0000","https://speakerdeck.com/mosesn/finagle-overview,http://twitter.com/TwitterOSS/status/436636016577769472/photo/1,https://speakerdeck.com/mosesn/finagle-overview,http://twitter.com/TwitterOSS/status/436636016577769472/photo/1"
"436638054884069376","","","2014-02-20 23:06:39 +0000","<a href=""http://twitter.com"" rel=""nofollow"">Twitter Web Client</a>","fresh presentation from @mnnakamura at #NYScala: ""@finagle overview"" https://t.co/ZWHvNSaHXj","","","","https://speakerdeck.com/mosesn/finagle-overview"
"436506238486978560","","","2014-02-20 14:22:51 +0000","<a href=""http://twitter.com"" rel=""nofollow"">Twitter Web Client</a>","RT @dschobel: Full house for @mnnakamura's @finagle tech talk at @TwitterNYC #ScalaNYC http://t.co/eg8ZmeR8Hs","436292545635942400","17056418","2014-02-20 00:13:43 +0000","http://twitter.com/dschobel/status/436292545635942400/photo/1,http://twitter.com/dschobel/status/436292545635942400/photo/1"
"435869118529417216","","","2014-02-18 20:11:10 +0000","<a href=""http://twitter.com"" rel=""nofollow"">Twitter Web Client</a>","RT @druidio: In case you missed our Strata talk, we open sourced our @stormprocessor/@finagle to Druid adapter Tranquility: https://t.co/GS…","435839930695024641","1357286708","2014-02-18 18:15:11 +0000","https://github.com/metamx/tranquility,https://github.com/metamx/tranquility"
"434013305569419264","","","2014-02-13 17:16:50 +0000","<a href=""http://twitter.com"" rel=""nofollow"">Twitter Web Client</a>","RT @softprops: nyscala invites @mnnakamura  to explain how twttr finagles varied migration patterns and flocks of requests http://t.co/uMUW…","433623950736642048","6279162","2014-02-12 15:29:40 +0000","http://meetu.ps/2bpcX8,http://meetu.ps/2bpcX8"
"434012811476226048","","","2014-02-13 17:14:52 +0000","<a href=""http://twitter.com"" rel=""nofollow"">Twitter Web Client</a>","come read about how we use @netty_project at Twitter with Finagle https://t.co/svQno5ZI1A http://t.co/A1fENJIHYz","","","","https://blog.twitter.com/2014/netty-at-twitter-with-finagle,http://twitter.com/finagle/status/434012811476226048/photo/1"
"432976966874984448","","","2014-02-10 20:38:47 +0000","<a href=""http://twitter.com"" rel=""nofollow"">Twitter Web Client</a>","looks like our friends at @StravaEng are using Finagle: ""Introducing Routemaster"" http://t.co/Da57T03NEf","","","","http://engineering.strava.com/routemaster/"
"420652562476314625","420633006043172864","16122072","2014-01-07 20:26:00 +0000","<a href=""http://twitter.com"" rel=""nofollow"">Twitter Web Client</a>","@rweald @sharethrough we would love to have you, can you email zx at twitter to start the discussion?","","","",""
"420652421015035904","420633006043172864","16122072","2014-01-07 20:25:27 +0000","<a href=""http://twitter.com"" rel=""nofollow"">Twitter Web Client</a>","@rweald @sharethrough we're holding April 3rd and working to make more details public when we announce the event","","","",""
"420642154461933569","","","2014-01-07 19:44:39 +0000","<a href=""http://twitter.com"" rel=""nofollow"">Twitter Web Client</a>","RT @finatra: Finatra 1.5.0 Released: now fully SBT compatible and dual published for scala 2.10 and 2.9 http://t.co/qnRunwyznI","420628250834894848","2211573571","2014-01-07 18:49:24 +0000","http://finatra.info/blog/releases/2014/01/06/finatra-1.5.0-released.html,http://finatra.info/blog/releases/2014/01/06/finatra-1.5.0-released.html"
"420621940227706880","","","2014-01-07 18:24:19 +0000","<a href=""http://twitter.com"" rel=""nofollow"">Twitter Web Client</a>","any @finagle adopters out there would like to speak about their production usage? we're planning a little event at the @twoffice :)","","","",""
"402877797669933056","","","2013-11-19 19:15:26 +0000","<a href=""https://about.twitter.com/products/tweetdeck"" rel=""nofollow"">TweetDeck</a>","All finagle stats explained: http://t.co/tyUmwEbD6I","","","","http://twitter.github.io/finagle/guide/Metrics.html"
"402537087452188672","","","2013-11-18 20:41:35 +0000","<a href=""http://twitter.com"" rel=""nofollow"">Twitter Web Client</a>","the @finagle team released v6.8.1 #scala https://t.co/xYqufBjnwI","","","","https://groups.google.com/forum/#!topic/finaglers/VtmaYrv6Dcw"
"397457870721007616","","","2013-11-04 20:18:35 +0000","<a href=""http://twitter.com"" rel=""nofollow"">Twitter Web Client</a>","RT @TwitterEng: Inside the Hacker Mind: Twitter's @marius on Finagle http://t.co/2Wp979F3mj","349930634220802048","6844292","2013-06-26 16:42:19 +0000","http://www.wired.com/wiredenterprise/2013/06/twitter-marius-eriksen-finagle/,http://www.wired.com/wiredenterprise/2013/06/twitter-marius-eriksen-finagle/"
"397457760645677056","","","2013-11-04 20:18:09 +0000","<a href=""http://twitter.com"" rel=""nofollow"">Twitter Web Client</a>","""Unfinagled is an experimental module for using unfiltered as a finagle frontend"" #scala https://t.co/aeQ6X6GpzQ","","","","https://github.com/novus/unfinagled"
"397457409041395712","","","2013-11-04 20:16:45 +0000","<a href=""http://twitter.com"" rel=""nofollow"">Twitter Web Client</a>","RT @bd: finagle with java 8 and scala 2.10 running on a raspberry pi, doing some secret http things. http://t.co/JPfftHNjgC","389592627764412416","7169872","2013-10-14 03:24:55 +0000","http://twitter.com/bd/status/389592627764412416/photo/1,http://twitter.com/bd/status/389592627764412416/photo/1"
"395563391214837760","","","2013-10-30 14:50:36 +0000","<a href=""http://twitter.com"" rel=""nofollow"">Twitter Web Client</a>","""Twitter's @Finagle for the Asynchronous Programmer"" https://t.co/ZeKIyeG4n0","","","","https://www.youtube.com/watch?v=30v5WVFvlno"
"395563240148590592","","","2013-10-30 14:50:00 +0000","<a href=""http://twitter.com"" rel=""nofollow"">Twitter Web Client</a>","""Your Server as a Function"" via @marius http://t.co/6lYg69fEr0","","","","http://monkey.org/~marius/funsrv.pdf"
"394727632601759744","","","2013-10-28 07:29:35 +0000","<a href=""http://twitter.com"" rel=""nofollow"">Twitter Web Client</a>","""...we [Pinterest] moved to an evented server and implemented our servers using @Finagle"" #scala http://t.co/bO0g1CToBz","","","","http://engineering.pinterest.com/post/59132790640/how-we-make-pins-more-useful"
"394727072687337472","","","2013-10-28 07:27:22 +0000","<a href=""http://twitter.com"" rel=""nofollow"">Twitter Web Client</a>","""Transitioning from C# to #Scala Using Apache Thrift and @finagle"" http://t.co/tbc4zZOEq3","","","","http://stevenskelton.ca/files/2013/09/TransitioningCSharpToScalaUsingThrift.pdf"
"394137210489823232","","","2013-10-26 16:23:28 +0000","<a href=""http://twitter.com"" rel=""nofollow"">Twitter Web Client</a>","we have a new logo, thank you to everyone who participated in the voting process! http://t.co/ahqbTphfrc","","","","http://twitter.com/finagle/status/394137210489823232/photo/1"
